date,highlight,gallery-description
2026-07-19,Multi goal weekend with U12s,U12 Summer League
2026-07-04,Best passer and first tournament trophy,Cambridge Tournament
2026-05-03,Man of the match award (Cardiff),On fire in Cardiff
2026-04-12,First bar down goal,Top shelf breakaway goal
2026-01-25,Spirit of the game award (Solent),Almost my first wrap-around goal
2025-03-30,First goal + Spirit of the game award (Bristol),
2024-09-28,First game + Spirit of the game award (Oxford),
2022-09-11,I learnt to  skate!,First pushes
2021-09-04,First time on skates,First time on skates
